Department,Item, Member Price , Non-Member Price , Event Price Member , Event Price , Partner ,Data source,Platform,Data fields,Notes
Publication,Manual of Avian Practice: A Foundation Manual (P00149), £55.25 , £85.00 , £44.20 , £68.00 ,,Salesforce / ARQ,bsava.com (Print) / bsavalibrary.com (digital),"Book Title (Product Number), Book Image, Member Price, Non-Member Price, Overview (free text), Contents (free text), Inventory (backend only)",
Publication,Manual of Backyard Poultry Medicine and Surgery (P00122), £58.50 , £90.00 , £46.80 , £72.00 ,,Salesforce / ARQ,bsava.com (Print) / bsavalibrary.com (digital),As above,
Publication,Manual of Canine Practice: A Foundation Manual (P00126), £55.25 , £85.00 , £44.20 , £68.00 ,,Salesforce / ARQ,bsava.com (Print) / bsavalibrary.com (digital),As above,
Publication,Manual of Canine and Feline Abdominal Imaging (P00093), £58.50 , £90.00 , £46.80 , £72.00 ,,Salesforce / ARQ,bsava.com (Print) / bsavalibrary.com (digital),As above,
Publication,"Manual of Canine and Feline Abdominal Surgery, 2nd edition (P00135)", £61.75 , £95.00 , £49.40 , £76.00 ,,Salesforce / ARQ,bsava.com (Print) / bsavalibrary.com (digital),As above,
Publication,"Manual of Canine and Feline Advanced Veterinary Nursing, 2nd edition (P00081)", £48.75 , £75.00 , £39.00 , £60.00 ,,Salesforce / ARQ,bsava.com (Print) / bsavalibrary.com (digital),As above,
Publication,"Manual of Canine and Feline Anaesthesia and Analgesia, 3rd edition (P00134)", £61.75 , £95.00 , £49.40 , £76.00 ,,Salesforce / ARQ,bsava.com (Print) / bsavalibrary.com (digital),As above,
Publication,"Manual of Canine and Feline Behavioural Medicine, 2nd edition (P00095)", £58.50 , £90.00 , £46.80 , £72.00 ,,Salesforce / ARQ,bsava.com (Print) / bsavalibrary.com (digital),As above,
Publication,"Manual of Canine and Feline Cardiorespiratory Medicine, 2nd edition (P00094)", £61.75 , £95.00 , £49.40 , £76.00 ,,Salesforce / ARQ,bsava.com (Print) / bsavalibrary.com (digital),As above,
Publication,"Manual of Canine and Feline Clinical Pathology, 3rd edition (P00136)", £61.75 , £95.00 , £49.40 , £76.00 ,,Salesforce / ARQ,bsava.com (Print) / bsavalibrary.com (digital),As above,
Publication,"Manual of Canine and Feline Dentistry and Oral Surgery, 4th edition (P00133)", £61.75 , £95.00 , £49.40 , £76.00 ,,Salesforce / ARQ,bsava.com (Print) / bsavalibrary.com (digital),As above,
Publication,"Manual of Canine and Feline Dermatology, 4th edition (P00178)", £61.75 , £95.00 , £49.40 , £76.00 ,,Salesforce / ARQ,bsava.com (Print) / bsavalibrary.com (digital),As above,
Publication,"Manual of Canine and Feline Emergency and Critical Care, 3rd edition (P00137)", £61.75 , £95.00 , £49.40 , £76.00 ,,Salesforce / ARQ,bsava.com (Print) / bsavalibrary.com (digital),As above,
Publication,"Manual of Canine and Feline Endocrinology, 5th edition (P00181)", £61.75 , £95.00 , £49.40 , £76.00 ,,Salesforce / ARQ,bsava.com (Print) / bsavalibrary.com (digital),As above,
Publication,"Manual of Canine and Feline Endoscopy and Endosurgery, 2nd edition (P00167)", £61.75 , £95.00 , £49.40 , £76.00 ,,Salesforce / ARQ,bsava.com (Print) / bsavalibrary.com (digital),As above,
Publication,"Manual of Canine and Feline Fracture Repair and Management, 2nd edition (P00141)", £61.75 , £95.00 , £49.40 , £76.00 ,,Salesforce / ARQ,bsava.com (Print) / bsavalibrary.com (digital),As above,
Publication,"Manual of Canine and Feline Gastroenterology, 3rd edition (P00157)", £61.75 , £95.00 , £49.40 , £76.00 ,,Salesforce / ARQ,bsava.com (Print) / bsavalibrary.com (digital),As above,
Publication,"Manual of Canine and Feline Haematology and Transfusion Medicine, 2nd edition (P00107)", £61.75 , £95.00 , £49.40 , £76.00 ,,Salesforce / ARQ,bsava.com (Print) / bsavalibrary.com (digital),As above,
Publication,"Manual of Canine and Feline Head, Neck and Thoracic Surgery, 2nd edition (P00154)", £58.50 , £90.00 , £46.80 , £72.00 ,,Salesforce / ARQ,bsava.com (Print) / bsavalibrary.com (digital),As above,
Publication,"Manual of Canine and Feline Musculoskeletal Disorders, 2nd edition (P00142)", £61.75 , £95.00 , £49.40 , £76.00 ,,Salesforce / ARQ,bsava.com (Print) / bsavalibrary.com (digital),As above,
Publication,"Manual of Canine and Feline Musculoskeletal Imaging, 2nd edition (P00146)", £61.75 , £95.00 , £49.40 , £76.00 ,,Salesforce / ARQ,bsava.com (Print) / bsavalibrary.com (digital),As above,
Publication,"Manual of Canine and Feline Nephrology and Urology, 3rd edition (P00155)", £61.75 , £95.00 , £49.40 , £76.00 ,,Salesforce / ARQ,bsava.com (Print) / bsavalibrary.com (digital),As above,
Publication,"Manual of Canine and Feline Neurology, 5th edition (P00180)", £61.75 , £95.00 , £49.40 , £76.00 ,,Salesforce / ARQ,bsava.com (Print) / bsavalibrary.com (digital),As above,
Publication,"Manual of Canine and Feline Oncology, 3rd edition (P00102)", £61.75 , £95.00 , £49.40 , £76.00 ,,Salesforce / ARQ,bsava.com (Print) / bsavalibrary.com (digital),As above,
Publication,"Manual of Canine and Feline Ophthalmology, 3rd edition (P00120)", £61.75 , £95.00 , £49.40 , £76.00 ,,Salesforce / ARQ,bsava.com (Print) / bsavalibrary.com (digital),As above,
Publication,Manual of Canine and Feline Radiography and Radiology: A Foundation Manual (P00121), £55.25 , £85.00 , £44.20 , £68.00 ,,Salesforce / ARQ,bsava.com (Print) / bsavalibrary.com (digital),As above,
Publication,"Manual of Canine and Feline Rehabilitation, Supportive and Palliative Care (P00100)", £58.50 , £90.00 , £46.80 , £72.00 ,,Salesforce / ARQ,bsava.com (Print) / bsavalibrary.com (digital),As above,
Publication,"Manual of Canine and Feline Reproduction and Neonatology, 2nd edition (P00098)", £58.50 , £90.00 , £46.80 , £72.00 ,,Salesforce / ARQ,bsava.com (Print) / bsavalibrary.com (digital),As above,
Publication,Manual of Canine and Feline Shelter Medicine: Principles of Health and Welfare in a Multi-animal Environment (P00151), £58.50 , £90.00 , £46.80 , £72.00 ,,Salesforce / ARQ,bsava.com (Print) / bsavalibrary.com (digital),As above,
Publication,Manual of Canine and Feline Surgical Principles: A Foundation Manual (P00103), £55.25 , £85.00 , £44.20 , £68.00 ,,Salesforce / ARQ,bsava.com (Print) / bsavalibrary.com (digital),As above,
Publication,Manual of Canine and Feline Ultrasonography (P00108), £58.50 , £90.00 , £46.80 , £72.00 ,,Salesforce / ARQ,bsava.com (Print) / bsavalibrary.com (digital),As above,
Publication,"Manual of Canine and Feline Wound Management and Reconstruction, 2nd edition (P00092)", £58.50 , £90.00 , £46.80 , £72.00 ,,Salesforce / ARQ,bsava.com (Print) / bsavalibrary.com (digital),As above,
Publication,Manual of Exotic Pet and Wildlife Nursing (P00114), £48.75 , £75.00 , £39.00 , £60.00 ,,Salesforce / ARQ,bsava.com (Print) / bsavalibrary.com (digital),As above,
Publication,"Manual of Exotic Pets, 5th edition: A Foundation Manual (P00096)", £55.25 , £85.00 , £44.20 , £68.00 ,,Salesforce / ARQ,bsava.com (Print) / bsavalibrary.com (digital),As above,
Publication,Manual of Feline Practice: A Foundation Manual (P00117), £61.75 , £95.00 , £49.40 , £76.00 ,,Salesforce / ARQ,bsava.com (Print) / bsavalibrary.com (digital),As above,
Publication,Manual of Guinea Pigs (P00183), £58.50 , £90.00 , £46.80 , £72.00 ,,Salesforce / ARQ,bsava.com (Print) / bsavalibrary.com (digital),As above,
Publication,Manual of Practical Animal Care (P00079), £35.75 , £55.00 , £28.60 , £44.00 ,,Salesforce / ARQ,bsava.com (Print) / bsavalibrary.com (digital),As above,
Publication,Manual of Practical Veterinary Nursing (P00080), £42.25 , £65.00 , £33.80 , £52.00 ,,Salesforce / ARQ,bsava.com (Print) / bsavalibrary.com (digital),As above,
Publication,Manual of Practical Veterinary Welfare (P00177), £58.50 , £90.00 , £46.80 , £72.00 ,,Salesforce / ARQ,bsava.com (Print) / bsavalibrary.com (digital),As above,
Publication,"Manual of Psittacine Birds, 2nd edition (P00070)", £39.00 , £60.00 , £31.20 , £48.00 ,,Salesforce / ARQ,bsava.com (Print) / bsavalibrary.com (digital),As above,
Publication,BSAVA Manual of Rabbit Medicine (P00127), £58.50 , £90.00 , £46.80 , £72.00 ,,Salesforce / ARQ,bsava.com (Print) / bsavalibrary.com (digital),As above,
Publication,"Manual of Rabbit Surgery, Dentistry and Imaging (P00119)", £61.75 , £95.00 , £49.40 , £76.00 ,,Salesforce / ARQ,bsava.com (Print) / bsavalibrary.com (digital),As above,
Publication,"Manual of Raptors, Pigeons and Passerine Birds (P00089)", £61.75 , £95.00 , £49.40 , £76.00 ,,Salesforce / ARQ,bsava.com (Print) / bsavalibrary.com (digital),As above,
Publication,"Manual of Reptiles, 3rd edition (P00147)", £61.75 , £95.00 , £49.40 , £76.00 ,,Salesforce / ARQ,bsava.com (Print) / bsavalibrary.com (digital),As above,
Publication,Manual of Rodents and Ferrets (P00091), £61.75 , £95.00 , £49.40 , £76.00 ,,Salesforce / ARQ,bsava.com (Print) / bsavalibrary.com (digital),As above,
Publication,Manual of Small Animal Practice Management and Development (P00118, £61.75 , £95.00 , £49.40 , £76.00 ,,Salesforce / ARQ,bsava.com (Print) / bsavalibrary.com (digital),As above,
Publication,"Manual of Wildlife Casualties, 2nd edition (P00148)", £58.50 , £90.00 , £46.80 , £72.00 ,,Salesforce / ARQ,bsava.com (Print) / bsavalibrary.com (digital),As above,
Publication,"Small Animal Formulary, 11th edition - Part A: Canine and Feline (P00188)", £35.75 , £55.00 , £28.60 , £44.00 ,,Salesforce / ARQ,bsava.com (Print) / bsavalibrary.com (digital),As above,"Member benefit: This book is included in the BSAVA App for all members with App access.
This publication is updated (in print format) every three years and Vet members automatically receive a printed copy on release as part of their member benefits. Updates to this publication are added to the digital and app editions periodically."
Publication,"Small Animal Formulary, 11th edition - Part B: Exotic Pets (P00189)", £35.75 , £55.00 , £28.60 , £44.00 ,,Salesforce / ARQ,bsava.com (Print) / bsavalibrary.com (digital),As above,"Member benefit: This book is included in the BSAVA App for all members with App access.
Updates to this publication are added to the digital and app editions periodically."
Publication,Cognitive Aids for Anaesthesia in Small Animal Practice (P00175), £19.50 , £30.00 , £15.60 , £24.00 ,,Salesforce / ARQ,bsava.com (Print) / bsavalibrary.com (digital),As above,
Publication,Guide to Nutrition in Small Animal Practice (P00179), £32.50 , £50.00 , £26.00 , £40.00 ,,Salesforce / ARQ,bsava.com (Print) / bsavalibrary.com (digital),As above,
Publication,Guide to Pain Management in Small Animal Practice (P00159), £32.50 , £50.00 , £26.00 , £40.00 ,,Salesforce / ARQ,bsava.com (Print) / bsavalibrary.com (digital),As above,
Publication,"Guide to Procedures in Small Animal Practice, 3rd edition (P00190)", £45.50 , £70.00 , £36.40 , £56.00 ,,Salesforce / ARQ,bsava.com (Print) / bsavalibrary.com (digital),As above,Member benefit: This book is included in the BSAVA App for all members with App access.
Publication,Guide to Radiographic Positioning (P00165), £9.75 , £15.00 , £7.80 , £12.00 ,,Salesforce / ARQ,bsava.com (Print) / bsavalibrary.com (digital),As above,
Publication,"Pocketbook for Vets, 2nd edition (P00168)", £19.50 , £30.00 , £15.60 , £24.00 ,,Salesforce / ARQ,bsava.com (Print) / bsavalibrary.com (digital),As above,
Publication,"Pocketbook for Veterinary Nurses, 2nd edition (P00182)", £19.50 , £30.00 , £15.60 , £24.00 ,,Salesforce / ARQ,bsava.com (Print) / bsavalibrary.com (digital),As above,Member Benefit: Veterinary Nurses receive this book in print format on signing up for membership
Publication,BSAVA/VPIS Guide to Common Canine and Feline Poisons (P00123), £32.50 , £50.00 , £26.00 , £40.00 ,,Salesforce / ARQ,bsava.com (Print) / bsavalibrary.com (digital),As above,Member benefit: This book is included in the BSAVA App for all members with App access.
Publication,How To...collected articles from Companion 2016-2020 (P00184), £16.25 , £25.00 , £13.00 , £20.00 ,,Salesforce / ARQ,bsava.com (Print) / bsavalibrary.com (digital),As above,
Publication,"Textbook of Veterinary Nursing, 6th edition (P00161)", £45.50 , £70.00 , £36.40 , £56.00 ,,Salesforce,bsava.com (Print),As above,
Publication,Guide to the Use of Veterinary Medicines (digital only), £-   , £-   ,,,,,,,Member benefit: This book is included in the BSAVA App for all members with App access. This book is free to access for all
Publication,All Manual Pack (PK0001)," £2,470.00 "," £3,800.00 "," £1,976.00 "," £3,040.00 ",,Salesforce,bsava.com (Print),As above,
Publication,Canine and Feline Medicine Manual Pack (PK0002), £273.00 , £420.00 , £218.40 , £336.00 ,,Salesforce,bsava.com (Print),As above,
Publication,Canine and Feline Surgery Manuals Pack (PK0003), £354.25 , £545.00 , £283.40 , £436.00 ,,Salesforce,bsava.com (Print),As above,
Publication,Canine and Feline Imaging Manual Pack (PK0004), £263.25 , £405.00 , £210.60 , £324.00 ,,Salesforce,bsava.com (Print),As above,
Publication,Foundation Manual Pack (PK0005), £292.50 , £450.00 , £234.00 , £360.00 ,,Salesforce,bsava.com (Print),As above,
Publication,Canine and Feline ECC Manual Pack (PK0006), £266.50 , £410.00 , £213.20 , £328.00 ,,Salesforce,bsava.com (Print),As above,
Publication,Veterinary nursing pack (PK0007), £143.00 , £220.00 , £114.40 , £176.00 ,,Salesforce,bsava.com (Print),As above,
Publication,BSAVA/SAMSoc Non-prescription pad (P00170) - 1 Pad, £3.79 , £5.83 , £3.03 , £4.66 ,,Salesforce,bsava.com (Print),As above,
Publication,BSAVA/SAMSoc Non-prescription pad - 10 pads (P00171), £19.50 , £30.00 , £15.60 , £24.00 ,,Salesforce,bsava.com (Print),As above,
Publication,Poster Series: Bandaging Techniques (PR0001), £5.41 , £8.33 , £4.33 , £6.66 ,,Salesforce,bsava.com (Print),As above,
Publication,Poster Series: Canine 'Ladder of Aggression' (PR0004), £8.13 , £12.50 , £6.50 , £10.00 ,,Salesforce,bsava.com (Print),As above,
Publication,Poster Series: Canine castration - hints and tips (PR0002), £8.13 , £12.50 , £6.50 , £10.00 ,,Salesforce,bsava.com (Print),As above,
Publication,Poster Series: Suture patterns (PR0005), £8.13 , £12.50 , £6.50 , £10.00 ,,Salesforce,bsava.com (Print),As above,
Publication,BSAVA/SAMSoc PROTECT ME poster: Antibiotic use in our practice (2023) (PR0007), £-   , £4.17 , - , £3.34 ,,Salesforce,bsava.com (Print),As above,
Publication,BSAVA/SAMSoc/RWA&F PROTECT ME poster: Antibiotic use in rabbits (2024) (PR0008, £-   , £4.17 , £-   , £3.34 ,,Salesforce,bsava.com (Print),As above,
Publication,Congress Proceedings 2025, £-   , £415.00 , £-   , N/A ,,ARQ,bsavalibrary (Digital content),"Title, edition, format, publication date, e-book ISBN - please note this is not a book but CPD recordings and documents from Congress 2025. Editions from 2024-2020 are also available to purchase at reducing price points in the Library.",
Publication,Companion Magazine (Monthly), £-   , £12.50 , N/A , N/A ,,ARQ,bsavalibrary (Digital),"Title, author, source, DOI, non-member price",
Publication,Student Companion Magazine (Annual - September), £-   , N/A ,,,,ARQ,bsavalibrary (Digital),"Title, author, source, DOI",
Publication,JSAP (Annual - 12 editions), £-   , £286.00 , N/A , N/A ,,Wiley,Wiley (Digital),N/A,
Publication,JSAP (Annual - 12 editions), £-   , £381.00 , N/A , N/A ,,Wiley,Wiley (Digital and Print),N/A,
Publication,Lecture Library, £-   , £25.00 , N/A , N/A ,,ARQ,bsavalibrary (Digital content),"Title, author, source, DOI, member / non-member price",
Publication,Video Library, £-   , £25.00 , N/A , N/A ,,ARQ,bsavalibrary (Digital content),"Title, author, source, DOI, member / non-member price",
Publication,Library Pass (25), £81.25 , £125.00 , N/A , N/A ,,ARQ,bsavalibrary (Digital),"Title, author, source, DOI, member / non-member price",
Publication,Library Pass (50), £146.25 , £225.00 , N/A , N/A ,,ARQ,bsavalibrary (Digital),"Title, author, source, DOI, member / non-member price",
Publication,Library Pass (100), £260.00 , £400.00 , N/A , N/A ,,ARQ,bsavalibrary (Digital),"Title, author, source, DOI, member / non-member price",
Publication,"Library (Library contains over 2800 Companion articles, 2500 lectures, 1400 clinical abstracts, 235 webinars) In addition in contains all BSAVA publications in digital format (at an additional cost) which can be purchased as a whole book or users can select one of the 1388 manual chapters (buying directly at member and non-member prices or via Library passes - members get 5 library passes when they join as a member)", £-   , N/A , N/A , N/A ,,ARQ,bsavalibrary (Digital),"Title, author, source, DOI, member / non-member price",
Publication,Rover - Fetch (25 searches for members / 5 searches for non-members - refreshed every month), £-   , £-   ,,,,,,,
Publication,Rover - Pack  - 25 queries (no time limit on use), £10.00 , £20.00 ,,,,,,,
Publication,Rover - Pack  - 50 queries (no time limit on use), £15.00 , £30.00 ,,,,,,,
Publication,Rover - Pack - 100 queries (no time limit on use), £25.00 , £50.00 ,,,,,,,
Publication,Rover - Unleashed - unlimited queries (fair usage applies) - Monthly DD, £30.00 , £75.00 ,,,,,,,
Publication,Rover - Unleashed - unlimited queries (fair usage applies) - Annual, £330.00 , £825.00 ,,,,,,,
Publications,Professional Key Skills - webinars (Member exclusive), £-   , N/A ,,,,,,,
Publication,"BSAVA App -5 BSAVA Publications - Formularies (Canine and Feline & Exotics), Guide to Common Canine and Feline Poisons, Guide to the Use of Veterinary Medicines, Guide to Procedures", £-   , N/A ,,,,ARQ,BSAVA App (Custom),,
Publications (Partnerships),Corporate Practice - Library Access (Plus PG Cert allowance for 1 partner) - Includes library content and selected publications,,,,, Bespoke Pricing ,,,,
Publications (Partnerships),Subscribing Institutions - Library Access - Includes library content and selected publications,,,,, Bespoke Pricing ,,,,
Publications (Partnerships),Companion Magazine (Monthly) - advertising opportunities.,,,,, Rate card available ,,,,
Events,Vets Cymru - Vet - Full Pass (Member 2 Days - Early Bird), £258.00 ,,,,,Swoogo,Swoogo (vetscymru.com),,
Events,Vets Cymru - Vet - Day Pass (Member 1 Days - Early Bird), £146.00 ,,,,,Swoogo,Swoogo (vetscymru.com),,
Events,Vet Cymru - Vet Nurse - Full Pass (Member 2 Days - Early Bird), £146.00 ,,,,,Swoogo,Swoogo (vetscymru.com),,
Events,Vet Cymru - Vet Nurse - Day Pass (Member 1 Days - Early Bird), £75.00 ,,,,,Swoogo,Swoogo (vetscymru.com),,
Events,Vets Cymru - Vet - Full Pass (Non-Member 2 Days - Early Bird),, £350.00 ,,,,Swoogo,Swoogo (vetscymru.com),,
Events,Vets Cymru - Vet - Day Pass (Non-Member 1 Days - Early Bird),, £226.00 ,,,,Swoogo,Swoogo (vetscymru.com),,
Events,Vet Cymru - Vet Nurse / Practice Manager - Full Pass (Non-Member 2 Days - Early Bird),, £226.00 ,,,,Swoogo,Swoogo (vetscymru.com),,
Events,Vet Cymru - Vet Nurse / Practice Manager - Day Pass (Non-Member 1 Days - Early Bird),, £114.00 ,,,,Swoogo,Swoogo (vetscymru.com),,
Events,Vets Cymru - Member Student / Retired - Full Pass - 2 Days - Early Bird, £83.00 ,,,,,Swoogo,Swoogo (vetscymru.com),,
Events,Vets Cymru - Member Student / Retired - Day Pass - 1 Day - Early Bird, £52.00 ,,,,,Swoogo,Swoogo (vetscymru.com),,
Events,Vets Cymru - Vet - Full Pass (Member 2 Days - Standard), £303.00 ,,,,,Swoogo,Swoogo (vetscymru.com),,
Events,Vets Cymru - Vet - Day Pass (Member 1 Days - Standard), £171.00 ,,,,,Swoogo,Swoogo (vetscymru.com),,
Events,Vet Cymru - Vet Nurse - Full Pass (Member 2 Days - Standard), £171.00 ,,,,,Swoogo,Swoogo (vetscymru.com),,
Events,Vet Cymru - Vet Nurse - Day Pass (Member 1 Days - Standard), £86.00 ,,,,,Swoogo,Swoogo (vetscymru.com),,
Events,Vets Cymru - Vet - Full Pass (Non-Member 2 Days - Standard), £398.00 ,,,,,Swoogo,Swoogo (vetscymru.com),,
Events,Vets Cymru - Vet - Day Pass (Non-Member 1 Days - Standard), £266.00 ,,,,,Swoogo,Swoogo (vetscymru.com),,
Events,Vet Cymru - Vet Nurse / Practice Manager - Full Pass (Non-Member 2 Days - Standard), £266.00 ,,,,,Swoogo,Swoogo (vetscymru.com),,
Events,Vet Cymru - Vet Nurse / Practice Manager - Day Pass (Non-Member 1 Days - Standard), £133.00 ,,,,,Swoogo,Swoogo (vetscymru.com),,
Events,Vets Cymru - Member Student / Retired - Full Pass - 2 Days - Standard, £83.00 ,,,,,Swoogo,Swoogo (vetscymru.com),,
Events,Vets Cymru - Member Student / Retired - Day Pass - 1 Day - Standard, £52.00 ,,,,,Swoogo,Swoogo (vetscymru.com),,
Events,Alba (2025 prices) - Vet - Full Pass (Member 2 Days - Early Bird), £240.00 ,,,,,Swoogo,Swoogo (bsavaalba.com),,
Events,Alba (2025 prices) - Vet - Day Pass (Member 1 Days - Early Bird), £140.00 ,,,,,Swoogo,Swoogo (bsavaalba.com),,
Events,Alba (2025 prices) - Vet Nurse - Full Pass (Member 2 Days - Early Bird), £150.00 ,,,,,Swoogo,Swoogo (bsavaalba.com),,
Events,Alba (2025 prices) - Vet Nurse - Day Pass (Member 1 Days - Early Bird), £90.00 ,,,,,Swoogo,Swoogo (bsavaalba.com),,
Events,Alba (2025 prices) - Vet - Full Pass (Non-Member 2 Days - Early Bird),, £340.00 ,,,,Swoogo,Swoogo (bsavaalba.com),,
Events,Alba (2025 prices) - Vet - Day Pass (Non-Member 1 Days - Early Bird),, £210.00 ,,,,Swoogo,Swoogo (bsavaalba.com),,
Events,Alba (2025 prices) - Vet Nurse / Practice Manager - Full Pass (Non-Member 2 Days - Early Bird),, £195.00 ,,,,Swoogo,Swoogo (bsavaalba.com),,
Events,Alba (2025 prices) - Vet Nurse / Practice Manager - Day Pass (Non-Member 1 Days - Early Bird),, £105.00 ,,,,Swoogo,Swoogo (bsavaalba.com),,
Events,Alba (2025 prices) - Member Student / Retired - Full Pass - 2 Days - Early Bird, £80.00 ,,,,,Swoogo,Swoogo (bsavaalba.com),,
Events,Alba (2025 prices) - Member Student / Retired - Day Pass - 1 Day - Early Bird, £50.00 ,,,,,Swoogo,Swoogo (bsavaalba.com),,
Events,Alba (2025 prices) - Vet - Full Pass (Member 2 Days - Standard), £290.00 ,,,,,Swoogo,Swoogo (bsavaalba.com),,
Events,Alba (2025 prices) - Vet - Day Pass (Member 1 Days - Standard), £170.00 ,,,,,Swoogo,Swoogo (bsavaalba.com),,
Events,Alba (2025 prices) - Vet Nurse - Full Pass (Member 2 Days - Standard), £185.00 ,,,,,Swoogo,Swoogo (bsavaalba.com),,
Events,Alba (2025 prices) - Vet Nurse - Day Pass (Member 1 Days - Standard), £110.00 ,,,,,Swoogo,Swoogo (bsavaalba.com),,
Events,Alba (2025 prices) - Vet - Full Pass (Non-Member 2 Days - Standard),, £390.00 ,,,,Swoogo,Swoogo (bsavaalba.com),,
Events,Alba (2025 prices) - Vet - Day Pass (Non-Member 1 Days - Standard),, £260.00 ,,,,Swoogo,Swoogo (bsavaalba.com),,
Events,Alba (2025 prices) - Vet Nurse / Practice Manager - Full Pass (Non-Member 2 Days - Standard),, £220.00 ,,,,Swoogo,Swoogo (bsavaalba.com),,
Events,Alba (2025 prices) - Vet Nurse / Practice Manager - Day Pass (Non-Member 1 Days - Standard),, £125.00 ,,,,Swoogo,Swoogo (bsavaalba.com),,
Events,Alba (2025 prices) - Member Student / Retired - Full Pass - 2 Days - Standard, £80.00 ,,,,,Swoogo,Swoogo (bsavaalba.com),,
Events,Alba (2025 prices) - Member Student / Retired - Day Pass - 1 Day - Standard, £50.00 ,,,,,Swoogo,Swoogo (bsavaalba.com),,
Events (Partnerships),Vets Cymru - Exhibition Stand (circa 30 available),,,,, £800.00 ,,,,
Events (Partnerships),Vets Cymru - Sponsorship - Bag insert,,,,, £150.00 ,,,,
Events (Partnerships),Vets Cymru - Sponsorship - Event Guide - Back Page Advert,,,,, £250.00 ,,,,
Events (Partnerships),Vets Cymru - Sponsorship - Event Guide - Internal Advert,,,,, £100.00 ,,,,
Events (Partnerships),Vets Cymru - Sponsorship - Event Guide - Session Sponsorship,,,,, £250.00 ,,,,
Events (Partnerships),Vets Cymru - Sponsorship - Additional Staff Passes,,,,, £45.00 ,,,,
Events (Partnerships),Alba - Exhibition Stand (circa 30 available),,,,," £1,240.00 ",,,,
Events (Partnerships),Alba - Sponsorship - Registration Sponsor,,,,, £600.00 ,,,,
Events (Partnerships),Alba - Sponsorship - Attendee Badge Sponsor,,,,, £200.00 ,,,,
Events (Partnerships),Alba - Sponsorship - Lanyards Sponsor,,,,, £150.00 ,,,,
Events (Partnerships),Alba - Sponsorship - Delegate Bag Insert,,,,, £155.00 ,,,,
Events (Partnerships),Alba - Sponsorship - Event Guide Back Page advert,,,,, £260.00 ,,,,
Events (Partnerships),Alba - Sponsorship - Event Guide Inside advert,,,,, £105.00 ,,,,
Events (Partnerships),Alba - Sponsorship - Website Banner,,,,, £100.00 ,,,,
Events (Partnerships),Alba - Sponsorship - Programme Preview Advert,,,,, £500.00 ,,,,
Events (Partnerships),Alba - Exhibitor showcase - Workshop,,,,, £260.00 ,,,,
Events (Partnerships),Alba - Exhibitor showcase - Session Sponsor,,,,, £260.00 ,,,,
Events (Partnerships),Alba - Catering - Reception Sponsor,,,,, £500.00 ,,,,
Events (Partnerships),Alba - Catering - Refreshment and Lunch Sponsor,,,,, £310.00 ,,,,
Education,Regional in-person CPD (2-hours) - Member Vet and Veterinary Nurse, £-   ,,,,,Salesforce,bsava.com,,
Education,Regional in-person CPD (2-hours) - Non-Member Vet,, £40.00 ,,,,Salesforce,bsava.com,,
Education,Regional in-person CPD (2-hours) - Non-Member Veterinary Nurse,, £20.00 ,,,,Salesforce,bsava.com,,
Education,Regional online CPD (2-hours) - Member Vet and Veterinary Nurse, £-   ,,,,,Salesforce,bsava.com,,
Education,Regional online CPD (2-hours) - Non-Member Vet,, £25.00 ,,,,Salesforce,bsava.com,,
Education,Regional online CPD (2-hours) - Non-Member Veterinary Nurse,, £15.00 ,,,,Salesforce,bsava.com,,
Education,"Regional in-person (full day) - Member Vet and Veterinary Nurses (Note - in-person day courses do vary in prices, this cost is illustrative and there is sometimes a reduced rate for veterinary nurses)", £200.00 , £450.00 ,,,,Salesforce,bsava.com,,
Education,Regional in-person (full day) - Non-Member Vet,, £50.00 ,,,,Salesforce,bsava.com,,
Education,Regional in-person (full day) - Non-Member Veterinary Nurse,, £50.00 ,,,,Salesforce,bsava.com,,
Education,Clinical Rounds - Monthly live webinar - Vet Members, £-   , N/A ,,,,Salesforce,bsava.com,,Member benefit: Vet Members can access a live webinar every month and the catch up on the recording in the library. Designed for Vets but veterinary nurse members can attend.
Education,"Postgraduate Certificate - Small Animal Surgery (3 years) - January Intake - 35 places. Price includes membership (£99 depost and annual payment of £4,315)",," £12,945.00 ",,,,Salesforce,bsava.com,,
Education,"Postgraduate Certificate - Small Animal Medicine (3 years) - January Intake - 35 places. Price includes membership (£99 depost and annual payment of £4,315)",," £12,945.00 ",,,,Salesforce,bsava.com,,
Education,"Postgraduate Certificate - Small Animal Diagnostic Imaging (3 years) - January Intake - 35 places. Price includes membership (£99 depost and annual payment of £4,315)",," £12,945.00 ",,,,Salesforce,bsava.com,,
Education,"Postgraduate Certificate - Small Animal Emergency and Critical Care (3 years) - May Intake - 35 places. Price includes membership (£99 depost and annual payment of £4,315)",," £12,945.00 ",,,,Salesforce,bsava.com,,
Education,"Postgraduate Certificate - Ophthalmology (3 years) - May Intake - 35 places. Price includes membership (£99 depost and annual payment of £4,315)",," £12,945.00 ",,,,Salesforce,bsava.com,,
Education,"Master's in Clinical Veterinary Research (2 years) - rolling enrolement (usually only 1 registrant per year). Price includes membership for the duration of study. Annual payment of £3,510.",,"£7,020",,,,,,,
Education (Partnerships),Postgraduate Certificate - course sponsorship (usually in the form of in-kind supply of equipment from practical days),,,,, Bespoke Agreements ,Salesforce,bsava.com,,
Education,Dispensing Course (May and October intakes), £178.80 , £264.00 ,,,,,,,
Education,LUMOS - Foundation Course (Level) - Veterinary Nurse, TBC , £300.00 ,,,,Salesforce,bsava.com,,
Education,LUMOS - Intermediate Course (Level) - Veterinary Nurse, TBC , £350.00 ,,,,Salesforce,bsava.com,,
Education,LUMOS - Advanced Course (Level) - Veterinary Nurse, TBC , £400.00 ,,,,Salesforce,bsava.com,,
Education,LUMOS - Foundation Course (Level) - Vet, TBC , £100.00 ,,,,Salesforce,bsava.com,,
Education,LUMOS - Intermediate Course (Level) - Vet, TBC , £200.00 ,,,,Salesforce,bsava.com,,
Education,LUMOS - Advanced Course (Level) - Vet, TBC , £300.00 ,,,,Salesforce,bsava.com,,
Education,LUMOS - Core Skills (Vet and Veterinary Nurse), TBC , £300.00 ,,,,Salesforce,bsava.com,,
Membership,Vet Membership, £299.00 ,,,,,Salesforce,bsava.com,,
Membership,First Year Qualified Vet Membership, £119.00 ,,,,,Salesforce,bsava.com,,
Membership,Second Year Qualified Vet Membership, £169.00 ,,,,,Salesforce,bsava.com,,
Membership,Third Year Qualified Vet Membership, £209.00 ,,,,,Salesforce,bsava.com,,
Membership,Postgraduate Membership (Non-BSAVA PG CERTS), £199.00 ,,,,,Salesforce,bsava.com,,
Membership,Veterinary Nurse Membership, £99.00 ,,,,,Salesforce,bsava.com,,
Membership,Overseas Vet Membership, £149.00 ,,,,,Salesforce,bsava.com,,
,Overseas Student Membership, £-   ,,,,,Salesforce,bsava.com,,
Membership,Vet Student Membership, £-   ,,,,,Salesforce,bsava.com,,
Membership,Vet Student Plus Membership, £20.00 ,,,,,Salesforce,bsava.com,,
Membership,Veterinary Nurse Student Membership, £-   ,,,,,Salesforce,bsava.com,,
Membership,Concessionary Membership (33% - 50% off - criteria apply - application approval required by BSAVA Membership Services Team),,,,,,Salesforce,bsava.com,,
Membership,Retired Member, £-   ,,,,,Salesforce,bsava.com,,
PetSavers,BSAVA PetSavers 'African Lily' Notelet Card (PS080), £2.16 , £3.33 ,,,,Salesforce,bsava.com,,
PetSavers,BSAVA PetSavers 'Daisies' Sympathy Cards (blank) (PS098), £2.71 , £4.17 ,,,,Salesforce,bsava.com,,
PetSavers,BSAVA PetSavers 'Dylan' Sympathy Cards (blank) (PS095), £2.71 , £4.17 ,,,,Salesforce,bsava.com,,
PetSavers,BSAVA PetSavers 'Forget-me-not cat' Sympathy Cards (blank) (PS097), £2.71 , £4.17 ,,,,Salesforce,bsava.com,,
PetSavers,BSAVA PetSavers 'Moose' Sympathy Cards (blank) (PS096), £2.71 , £4.17 ,,,,Salesforce,bsava.com,,
PetSavers,BSAVA PetSavers 'Old Friends' Sympathy Card (PS044), £2.16 , £3.33 ,,,,Salesforce,bsava.com,,
PetSavers,BSAVA PetSavers 'Silver Leaf' Sympathy Cards (Blank) (PS029), £2.71 , £4.17 ,,,,Salesforce,bsava.com,,
PetSavers,BSAVA PetSavers 'Single Lily' Sympathy Card (PS053), £2.16 , £3.33 ,,,,Salesforce,bsava.com,,
PetSavers,BSAVA PetSavers Ageing Canine Toolkit (ACT) leaflet (PS091), £-   , £-   ,,,,Salesforce,bsava.com,,
PetSavers,BSAVA PetSavers Ageing Canine Toolkit (ACT) leaflet - 10 leaflets (PS092), £-   , £-   ,,,,Salesforce,bsava.com,,
PetSavers,"BSAVA PetSavers Ageing Canine Toolkit (ACT) poster, double-sided (PS090)", £-   , £-   ,,,,Salesforce,bsava.com,,
PetSavers,BSAVA PetSavers Heated Pad Adaptor (PS079),, £12.50 ,,,,Salesforce,bsava.com,,
PetSavers,BSAVA PetSavers Heated Pad Car Adaptor (PS083),, £6.67 ,,,,Salesforce,bsava.com,,
PetSavers,BSAVA PetSavers Heated Pads (PS038),, £33.33 ,,,,Salesforce,bsava.com,,
PetSavers,BSAVA PetSavers Recovery Blanket (PS069),, £2.50 ,,,,Salesforce,bsava.com,,
